{
    "weights": [
        -42.93169174151563,
        -63.18198578407175,
        -98.14046586196577,
        138.44369040682687,
        2.7831281990535845e-09,
        -1.192011416873681,
        -19.652789531656715,
        0.800968939399749,
        443.95013771464124
    ],
    "bias": -0.1618915060342036
}