{
    "weights": [
        0.0003261446526507327,
        -0.002829828836180928,
        -0.0035913018516739144,
        -0.004775341182580354,
        3.465879600920282e-11,
        -1.6251426914049527,
        0.008912505595794639,
        1.8223042538409726,
        0.0036188144802654235
    ],
    "bias": -0.11719087836277853
}