{
    "weights": [
        0.08111013493654214,
        -0.04446606675751427,
        -0.049486746691401094,
        -0.12803796496052813,
        1.856456778122565e-09,
        0.0177894740188984,
        0.09810927802404071,
        0.7229287621120689,
        0.0047306223710698835
    ],
    "bias": 0.32767385389206655
}