{
    "weights": [
        -0.00014282387469537693,
        -0.0009420557818038069,
        -0.0009679172642735209,
        -0.0013300960387995604,
        6.871053322514533e-10,
        -0.29630250899760613,
        0.003396924516964964,
        7.571484159502808,
        -0.007525135287780387
    ],
    "bias": -0.510159368984014
}