{
    "weights": [
        14.40034651907253,
        -16.09839553219793,
        -31.96438958813484,
        26.234093877561765,
        -1.3546849518768781e-11,
        -1.3145879956495738,
        -11.026943846457627,
        0.7069415246201588,
        19.170868209588626
    ],
    "bias": 0.37669600227794164
}