{
    "weights": [
        -0.692133091347465,
        -1.860935557137763,
        -3.584770899265825,
        6.778626010021164,
        1.6485718475875258e-10,
        -3.7805515723242973,
        -4.837721708295632,
        1.3216579179360521,
        13.307116873729493
    ],
    "bias": 0.20503845886127128
}