{
    "weights": [
        0.6047475498666263,
        -0.23073542829379748,
        -0.5603599926976193,
        -1.26556981305545,
        7.060996573576362e-10,
        -1.4829383481723137,
        -0.21857446553072366,
        0.6174857444710717,
        6.6484681675160715
    ],
    "bias": -0.17086336743268882
}