{
    "weights": [
        -2.2908272899042663e-05,
        1.8228104683711768e-05,
        1.8856985269369076e-05,
        1.4395136862864695e-05,
        3.1381956315679587e-12,
        -1.5839121991624832,
        -6.241821352992765e-05,
        -0.7541700375418754,
        0.00021924796423407735
    ],
    "bias": 0.25176865819269556
}