{
    "weights": [
        -0.023923653114432925,
        0.009460704084673281,
        0.012064341629064593,
        0.002709212446666912,
        4.1447547749037515e-11,
        -2.656439090412408,
        -0.0003391848945395887,
        1.1429619253809413,
        -0.02964617950686075
    ],
    "bias": -0.15119095743903233
}