{
    "weights": [
        0.001676678994729065,
        0.002664991268252244,
        0.003173573031700707,
        -0.009351061285844694,
        -2.6243831693619677e-10,
        -1.4306659619884143,
        0.0005872144413891686,
        -0.5473971101357491,
        0.00820357507976465
    ],
    "bias": 0.043019828989445286
}