{
    "weights": [
        0.02471463478520954,
        -0.36787556016000056,
        -0.5879860095899148,
        -0.029381808480513572,
        3.9547106025488764e-10,
        -3.4793656437959255,
        0.6401077927887803,
        3.7880803058222186,
        0.9414290714952404
    ],
    "bias": -0.1726948442587261
}