{
    "weights": [
        0.0012283781598925964,
        0.00019186154266086084,
        0.00016629034450578174,
        -0.0005441912631903577,
        1.3044014311649805e-11,
        -2.396638864915103,
        -0.0015704227287117942,
        0.4716617980346676,
        0.0037424330922830513
    ],
    "bias": -0.031088420591033037
}