{
    "weights": [
        -2.687357630980951,
        0.04433324724103095,
        -0.03758006992705164,
        1.2320486357094211,
        -1.717829071463414e-09,
        -2.562714049034461,
        0.7788607921104835,
        0.7454858068740768,
        1.75878026949725
    ],
    "bias": 0.016277428431395048
}