{
    "weights": [
        59.06402209422964,
        5.433455248181301,
        7.289121566318538,
        -214.05083169691653,
        -3.080642697890324e-10,
        10.303021971253026,
        113.32990645343256,
        -44.57673463822626,
        0.6823765372051444
    ],
    "bias": 29.345935634109978
}