{
    "weights": [
        0.03208117460409177,
        -0.07177237152925361,
        -0.09208871161598425,
        0.1340406299052559,
        3.618431055044611e-11,
        -3.0854221999165166,
        -0.014653812352800935,
        1.9152140814445662,
        -0.041762225901224345
    ],
    "bias": -0.12147331794727938
}