{
    "weights": [
        0.26230892770251957,
        -0.04334790146973707,
        -0.06648330196013166,
        -0.218036398082858,
        -4.351177745945049e-11,
        -0.6888960549645766,
        -0.00698711273090717,
        -1.94271932931672,
        0.6259949493235393
    ],
    "bias": 0.1373011918436714
}