{
    "weights": [
        21.876614670194,
        4.701443678734913,
        6.236284122903567,
        -10.544770526257576,
        -7.051452477985042e-10,
        1.5478509901749893,
        -17.49725514530445,
        -0.14835365426078403,
        -57.0427717071222
    ],
    "bias": -0.03931592276730989
}