{
    "weights": [
        2.620645667568079,
        -0.8145253903883385,
        -1.1357963540963387,
        0.4897470907118458,
        4.89697898571304e-11,
        -0.7768599057501945,
        -1.4390501174844728,
        1.8054968878393718,
        0.40439074719844526
    ],
    "bias": -0.23182422306512754
}