{
    "weights": [
        0.037413795193622264,
        -0.030435410932739063,
        -0.038749466581887056,
        0.02531085583626547,
        2.6373715203094372e-09,
        -0.8899437995738977,
        -0.001474111278192359,
        -2.8827023779642187,
        -0.008278982873485888
    ],
    "bias": 0.29908037697602863
}