{
    "weights": [
        0.05243328299585699,
        0.07429726322172782,
        0.11755520626667908,
        -0.39314722915291955,
        3.3327434961201044e-10,
        -1.8155683637102709,
        0.07431036700897586,
        3.3911284796434646,
        -0.38728518131387424
    ],
    "bias": 0.2384279696332188
}