{
    "weights": [
        -0.00011610690755490367,
        2.3275965524363432e-06,
        8.669096983246866e-06,
        3.472911759771739e-05,
        5.3224846003015316e-09,
        -4.850873036520383,
        4.030418278203619e-05,
        2.5781528866105132,
        -6.913013114457084e-05
    ],
    "bias": 0.3883445932514865
}