{
    "weights": [
        -0.013640099429592453,
        -0.01577393288649868,
        -0.015797771350674655,
        0.0019209056269457153,
        3.32403042308948e-10,
        -5.286347837588446,
        0.05497329131986781,
        1.7893183841773341,
        -0.1626762609610602
    ],
    "bias": -0.3263556432045473
}