{
    "weights": [
        46.603772663751066,
        21.603189448027912,
        -6.316754417795491,
        -135.3666734480259,
        2.06877757790075e-11,
        3.583721390306825,
        38.88744316685785,
        2.9013191019599573,
        20.841520790249703
    ],
    "bias": 33.307558331691325
}